Top consultas,Cliques,Impressões,CTR,Posição
flamengo x olimpia amistoso onde assistir,3,99,3.03%,8.43
fla x olimpia onde assistir,1,40,2.5%,7.3
flabasquete,1,18,5.56%,32.06
flamengo e olimpia onde assistir,1,17,5.88%,8.06
notícias do basquete do flamengo,1,12,8.33%,14.58
flamengo benfica,1,11,9.09%,1
flamengo x olimpia onde assistir,1,6,16.67%,7.5
fla10,1,4,25%,2.25
notícias do flamengo basquete,1,2,50%,6.5
flamengo trabalhe conosco,1,2,50%,7.5
como funciona o troféu do algarve,1,1,100%,6
flabasquete contratações,1,1,100%,57
flamengo basquete,0,29,0%,47.55
flamengo,0,27,0%,4.44
fla basquete,0,24,0%,36.12
benfica x flamengo palpite,0,19,0%,1
onde assistir flamengo x olimpia amistoso,0,18,0%,8.39
basquete do flamengo,0,16,0%,56.62
flamengo encerrou sua preparação europeia garantindo o troféu no algarve,0,14,0%,1
notícias do flamengo,0,12,0%,1.08
basquete flamengo,0,12,0%,54.25
amistoso flamengo x olimpia onde assistir,0,9,0%,9.11
flamengo nbb,0,8,0%,47.38
noticias do flamengo,0,7,0%,1
flamengo x 3b da amazônia,0,7,0%,11.43
independiente del valle x flamengo,0,7,0%,115
campeões do troféu algarve,0,6,0%,9.83
flamengo olimpia onde assistir,0,5,0%,6.8
tolima,0,5,0%,60.2
fla s,0,5,0%,65.8
flamengo jogo hoje 9 agosto 2026 adversário escalação,0,4,0%,8.5
independiente del valle x flamengo arbitragem,0,4,0%,10.75
jogo flamengo basquete,0,4,0%,33
noticias fla,0,4,0%,44.75
flamengo de basquete,0,4,0%,45.75
flamengo basquete nbb,0,4,0%,49.25
"(aporte or captação or rodada) startup (seed or ""série a"" or pré-seed) 
milhões",0,4,0%,64.75
flamengo finaliza sua excursão em portugal enfrentando a equipe do benfica,0,3,0%,1
foto da taça,0,3,0%,1.33
%flamengo jogo hoje 10 setembro 2026 adversário horário,0,3,0%,2
internacional flamengo 29 julho 2026 prováveis escalações desfalques,0,3,0%,3.33
9fla,0,3,0%,6.33
flamengo vitória 9 agosto 2026 cartões árbitro,0,3,0%,9
fla ultimas noticias,0,3,0%,18.33
news in fla,0,3,0%,21.67
fla noticias,0,3,0%,23.67
noticias do flamengo basquete,0,3,0%,24.67
flabasquete hoje,0,3,0%,42.33
fĺamengo,0,3,0%,45
flaa,0,3,0%,53
flaesports,0,3,0%,53.67
zico na udinese,0,3,0%,54.67
flamengo arbitragem,0,3,0%,58.67
zico udinese,0,3,0%,59
flamengo esports,0,3,0%,61
flavienses,0,3,0%,71
troféu do algarve,0,3,0%,71.33
independiente del valle x flamengo ao vivo,0,3,0%,119
anuncio bap,0,2,0%,1
brasil ladies cup,0,2,0%,1
futebol feminino do sport club corinthians paulista,0,2,0%,1
imagem do troféu,0,2,0%,1.5
escalações de club olimpia x flamengo,0,2,0%,2
foto do troféu,0,2,0%,2
fla0,0,2,0%,3.5
imagem do troféu algarve,0,2,0%,4
trofeu algarve todos os campeões,0,2,0%,8
%flamengo notícias ao vivo hoje 6 setembro 2026,0,2,0%,8.5
flamengo x chapecoense ao vivo com imagens,0,2,0%,10
flamengo x 3b,0,2,0%,11
que horas é o jogo do flamengo e del valle hoje,0,2,0%,12
fla hoje,0,2,0%,19.5
trofeu algarve 2026,0,2,0%,22.5
jogo basquete flamengo,0,2,0%,32.5
garrafão rubro,0,2,0%,35.5
fla basquete hoje,0,2,0%,36.5
quantos estádios o flamengo tem,0,2,0%,36.5
fla volei,0,2,0%,38.5
fla volei feminino,0,2,0%,41
flamengo basquete hoje,0,2,0%,41
flamengo no basquete,0,2,0%,41.5
time de basquete flamengo,0,2,0%,50.5
fla esports,0,2,0%,51
samuel lino,0,2,0%,51
www fla,0,2,0%,51
time de basquete do flamengo,0,2,0%,54.5
flamengo sub-10,0,2,0%,57
flamengo basketball,0,2,0%,58.5
flamengo sub 10,0,2,0%,59
fly emirates vai patrocinar o flamengo,0,2,0%,65.5
jogo do independiente del valle,0,2,0%,70.5
flamengo vai jogar com,0,2,0%,72
trofeu do algarve,0,2,0%,75.5
horário do jogo flamengo e mirassol,0,2,0%,85
argentina e suica onde assistir,0,1,0%,1
campeonato mineiro sub-20,0,1,0%,1
chapecoense x flamengo palpite,0,1,0%,1
escalações de chapecoense x flamengo,0,1,0%,1
flamengo superou o peñarol e disputará o título da brasil ladies cup,0,1,0%,1
"flamengotv transmitirá o amistoso entre flamengo e olimpia ao vivo para 
todo o mundo",0,1,0%,1
foto do paquetá sorrindo,0,1,0%,1
lista de campeões,0,1,0%,1
maracanã,0,1,0%,1
pedro,0,1,0%,1
seleção espanhola de futebol,0,1,0%,1
todos os campeões,0,1,0%,1
trivela,0,1,0%,1
%flamengo jogo hoje 10 setembro 2026 adversário escalação,0,1,0%,2
%flamengo jogo hoje 10 setembro 2026 horário adversário,0,1,0%,2
quem é o maior campeão?,0,1,0%,2
zag4,0,1,0%,2
contratacoes flamengo,0,1,0%,3
trabalhe conosco flamengo,0,1,0%,3
flamengo taça das bolinhas,0,1,0%,5
flamengo0,0,1,0%,5
flamengo corinthians feminino 3 agosto 2026 resultado,0,1,0%,6
flamengo olimpia amistoso 17 julho 2026 onde assistir,0,1,0%,6
internacional x flamengo 29 julho 2026 escalações desfalques,0,1,0%,6
onde vai passar o jogo do flamengo e independente del valle,0,1,0%,6
flamengo contratações,0,1,0%,7
flamengo x 3b da amazônia onde assistir,0,1,0%,7
flamengo é uma marca,0,1,0%,7
noticias basquete flamengo,0,1,0%,7
flamengo2,0,1,0%,8
internacional flamengo 29 julho 2026 escalações desfalques,0,1,0%,8
benfica flamengo onde ver,0,1,0%,9
esquema tatico espanha,0,1,0%,9
flamengo vitória 9 agosto 2026 escalações desfalques brasileirão,0,1,0%,9
flamengo x olímpia onde assistir,0,1,0%,9
internacional flamengo 29 julho 2026 brasileirão escalações desfalques,0,1,0%,9
jogo do flamengo e independente del valle pela libertadores,0,1,0%,9
onde assistir independiente del valle x flamengo,0,1,0%,9
quantos troféu algarve o flamengo tem,0,1,0%,9
troféu algarve como funciona,0,1,0%,9
desfalques palmeiras,0,1,0%,10
flamengo e olímpia amistoso onde assistir,0,1,0%,10
flamengo internacional onde assistir hoje 29 julho 2026,0,1,0%,10
flamengo últimas notícias hoje 10 agosto 2026,0,1,0%,10
pesquisa de torcidas,0,1,0%,10
que hora que é,0,1,0%,10
clube de regatas do flamengo trabalhe conosco,0,1,0%,11
escalações de independiente del valle x clube de regatas do flamengo,0,1,0%,11
flabasquete noticias,0,1,0%,11
flamengo campeão algarve,0,1,0%,11
flamengo últimas notícias hoje 6 setembro 2026,0,1,0%,11
flamengo último jogo 23 agosto 2026 resultado,0,1,0%,11
maior velocidade do bruno henrique,0,1,0%,11
o troféu algarve,0,1,0%,11
quem tem mais títulos,0,1,0%,11
como funciona o troféu algarve,0,1,0%,12
corinthians,0,1,0%,12
flamengo e independente del valle,0,1,0%,12
horário do jogo de flamengo e independente del valle,0,1,0%,12
horário do jogo del valle e flamengo,0,1,0%,12
banco luso brasileiro,0,1,0%,13
imagem,0,1,0%,13
mata mata flamengo x cruzeiro,0,1,0%,13
benfica flamengo horario,0,1,0%,15
campanha contra argentina,0,1,0%,15
troféu do algarve tabela,0,1,0%,16
flamengo luiz henrique,0,1,0%,17
portalfalanews,0,1,0%,17
benfica flamengo transmissão,0,1,0%,21
benfica vs flamengo onde ver,0,1,0%,21
fla noticia,0,1,0%,21
onde assistir o jogo do flamengo e olímpia,0,1,0%,22
fla news,0,1,0%,23
mirassol arbitragem,0,1,0%,23
banco de reservas do flamengo,0,1,0%,28
jogo de basquete do flamengo,0,1,0%,28
194.603 pessoas (fla-flu em 1963,0,1,0%,29
fla notícias,0,1,0%,29
guerra fifa uefa,0,1,0%,31
fla resenha,0,1,0%,32
noticiasfla,0,1,0%,32
netfla,0,1,0%,33
fla basquete nbb,0,1,0%,34
flamengo basquete jogos,0,1,0%,34
nbb flamengo,0,1,0%,34
quem apita o jogo do flamengo hoje,0,1,0%,34
juventus,0,1,0%,35
not fla,0,1,0%,35
clube de regatas do flamengo basketball,0,1,0%,38
flamengo volei,0,1,0%,38
trofeu algarve,0,1,0%,38
fla.basquete,0,1,0%,41
notícias do fla,0,1,0%,41
ouvidoria flamengo,0,1,0%,41
filipe luis,0,1,0%,43
basquete flamengo hoje,0,1,0%,44
chapecoense – flamengo,0,1,0%,44
flamengo o lance,0,1,0%,44
gabriel orphao,0,1,0%,45
banco de reservas do flamengo hoje,0,1,0%,47
terceiro uniforme do flamengo 2026,0,1,0%,47
basquetebol do clube de regatas do flamengo,0,1,0%,48
flamengo fox,0,1,0%,49
gols bruno henrique flamengo,0,1,0%,49
jogos de basquete do flamengo,0,1,0%,49
flamwnfo,0,1,0%,50
hora do jogo do flamengo quarta feira,0,1,0%,50
basquete do flamengo hoje,0,1,0%,51
flamengo123,0,1,0%,52
que horas vai ser o jogo do remo,0,1,0%,52
fla bh,0,1,0%,53
flamengo basquetebol,0,1,0%,53
flamengo volleyball,0,1,0%,53
lino,0,1,0%,53
torneio do algarve 2026,0,1,0%,53
troféu do algarve 2026,0,1,0%,54
flamengo nba,0,1,0%,55
flamengo e sports,0,1,0%,56
que horas é o jogo do flamengo em manaus,0,1,0%,56
independente x,0,1,0%,57
tolima x flamengo,0,1,0%,57
flamengo x mirassol 6x0,0,1,0%,58
torneio algarve,0,1,0%,58
udinese zico,0,1,0%,58
flamengo basket,0,1,0%,59
flamengo esport,0,1,0%,59
arbitragem flamengo,0,1,0%,60
flamengo x sao,0,1,0%,60
flamengo fly emirates ultimas noticias,0,1,0%,61
samuel lino flamengo,0,1,0%,61
everton cebolinha idade,0,1,0%,62
del valle 1 5,0,1,0%,64
onde assistir flamengo x mirassol,0,1,0%,65
substituição do flamengo hoje,0,1,0%,65
torneio do algarve,0,1,0%,65
fla flu 1963,0,1,0%,67
flamengo lubrax,0,1,0%,67
flamengo vs fluminense 1963,0,1,0%,67
jogo do flamengo quarta-feira,0,1,0%,67
flamengo e corinthians feminino,0,1,0%,68
flamengo e corinthians feminino hoje,0,1,0%,68
flamengo x corinthians feminino,0,1,0%,68
jogo do flamengo quarta feira,0,1,0%,69
que hora é o jogo do flamengo e mirassol,0,1,0%,70
argentina suiça,0,1,0%,71
jogo do independiente del valle hoje,0,1,0%,71
flamengo basquete mundial,0,1,0%,72
corinthians x flamengo feminino,0,1,0%,74
arrascaeta,0,1,0%,75
jogo do del valle,0,1,0%,75
"(capta or levanta or ""recebe aporte"" or fecha) (seed or ""pré-seed"" or 
""série a"" or ""rodada seed"") startup milhões",0,1,0%,78
independiente x flamengo,0,1,0%,78
nunes flamengo,0,1,0%,78
fl ax,0,1,0%,79
onde vai passar flamengo e mirassol,0,1,0%,80
trofeu do algarve 2023,0,1,0%,80
joaquin valencia,0,1,0%,81
clube de regatas do flamengo onde assistir,0,1,0%,83
troféu do algarve 2023,0,1,0%,87
arbitragem do jogo do flamengo hoje,0,1,0%,90
flameflamengo,0,1,0%,98
fla e,0,1,0%,99
independiente del valle x flamengo transmissão,0,1,0%,115
assistir flamengo x del valle ao vivo,0,1,0%,118
naturgy,0,1,0%,126
del valle x flamengo hoje,0,1,0%,153
argentina x suíça,0,1,0%,168
flamengo x independiente del valle assistir online,0,1,0%,174